city,country,description,image_url,last_login,name,native_language,practicing_language,user_id
(IruÃ±ea-Pamplona),Other,"Aupa! Solasa euskaraz eskaintzen dut, gaelikoz, alemanez edota ingelesez mintzatzearen truke, zer iruditzen zaizu? Espainolez ere badakit./Buenas, intercambio de conversaciÃ³n en euskera o en espaÃ±ol a cambio de Gaeilge (Irlanda), alemÃ¡n o inglÃ©s. Pamplona-IruÃ±ea, interesak: musika, historia, culturas extranjeras...",images/Face.gif,"May 24, 2022",Alex,"Basque,Spanish","English,Gaelic (Irish),German",2663568
(Birmingham),Other,ì•ˆë…•? ë‚´ ì´ë¦„ì€ ë¯¸ì…¸ì´ì•¼. ì—´ã“ã‚“ã«ã¡ã¯ã€ç§ã®åå‰ã¯ãƒŸã‚·ã‚§ãƒ«ã§ã™ [kon'nichiwa ã€ w hello my name is Michelle from the United States I am looking for a patient open minded kind language exchange partner . I enjoy studying Asian cultures customs ê³ ë§ˆì›Œ ã‚ã‚ŠãŒã¨ã†ã”ã–ã„ã¾ã™,Uploads/HomePics/4183901.jpg?rand=0.8938824,"May 23, 2022",Michelle,English,Korean,4183901
(kathmandu),Other,"Hello! There, Just a quick note: I am not a gold member here. Please free to contact me When I send 'hi' to you. I'm interested in your culture or help you to improve English language. Thanks.",images/Face.gif,"May 23, 2022",Milan,"Nepali,English","English,Portuguese,Spanish,Russian",2675728
(ĞÑÑ‚Ğ°Ğ½Ğ°),Other,Hi! My name is Zhupar. I am from Kazakhstan from the city of Astana. I'm a student. I am learning English at the moment and want to practice. I'm learning this language to get a good job and travel,Uploads/HomePics/4351795.jpg?rand=0.5489858,"May 23, 2022",Zhupar,"Russian,Kazakh",English,4351795
(other),Other,hi,images/Face.gif,"May 23, 2022",jiou,Akan,Afrikaans,4272238
(tront),Other,atz,images/Face.gif,"May 22, 2022",gee,English,"French,German",4292832
(United Kingdom),Other,"I love to travel and meet new people as well as learning languages. Hobbies include meditation and listening to music ^_^ I am studying Chinese and Arabic, and I did a few years of German. Mainly looking for German speakers!",images/Face.gif,"May 22, 2022",Mochi,"English,Persian (Farsi, Dari)","German,Chinese, Mandarin,Arabic, Egyptian",2091046
(Vilnius),Other,"Hi :) I'm looking to begin a Masters Program in Europe or Latin America, while I have a few top choices, I have not officially decided where to enroll. Native English speaker, some Spanish speaking ability. I am an avid reader, typically non-fiction but, do enjoy some earlier fiction writers. Playing and listening to music is an equal passion of mine; along with fly fishing, snowboarding, and...",Uploads/HomePics/4314606.jpg?rand=0.2097743,"May 22, 2022",Brett,English,"Spanish,Russian,- Other -",4314606
"(Gwangju, Gyeonggi-do)",Other,ì¼ë³¸ì–´ë¥¼ ì˜ í•˜ê³ ì‹¶ì–´ìš”!! æ—¥æœ¬èªãŒä¸Šæ‰‹ã«ãªã‚ŠãŸã„ã§ã™ï¼!!,Uploads/HomePics/4357403.jpg?rand=0.8995127,"May 22, 2022",ì˜ˆë¦°,Korean,Japanese,4357403
(ZZZ),Other,Hi! My name is Sa'ida. I studied English at University but still can't speak confidently with others. So I want to practice English with a native speaker. Would love to learn Turkish as wellâ¤ï¸ Noting that I am a native Arabic speaker.ğŸ˜Š,Uploads/HomePics/4216107.jpg?rand=0.7219752,"May 22, 2022",Sa'ida,"Arabic, other,Arabic, Middle Eastern,Arabic, Palestinian","English,Turkish,Hebrew",4216107
(other),Other,"I am 40, latin guy looking to improve my english skills. My native language is Spanish. It will be a pleasure to help anybody who wants to practice spanish language. I will enjoy to share my language and my culture. I like a lot of stuff I am sure we can find something in common. Not goldmember find me on (s)kype)= nikcn_ Â¡Hola! soy un chico latino que quiere practicar inglÃ©s y te ayudarÃ© con mu...",images/Face.gif,"May 21, 2022",man,Spanish,English,2781831
not provided,Other,",./",images/Face.gif,"May 21, 2022",.,- Other -,- Other -,4357114
(Riydh),Other,"Hi , I'm Maria Want to practice English language everyday to improve my language , I want someone who takes language practice seriously, and I will be so ØŒ I'm sure in the end we will be improved together ..",images/Face.gif,"May 21, 2022",Maria,"Arabic, other",English,4356953
(Worldwide),Other,"Hi I'm learning Korean, Japanese, Mandarin, Japanese languages. I want to improve them with a language exchange partner. I'm looking for friends around the world, your gender, age etc.. doesnâ€™t matter. You can talk with me ^^ Everyone can talk with me :) I will be happy to talk :-) I'm not a gold member, so I cannot reply. Thank you Have a nice day and take care ^^",images/Face.gif,"May 20, 2022",mimi,"English,French,- Other -","Korean,Japanese,Chinese, Mandarin,- Other -",3821090
(TEH),Other,"Hi! My name is Amir. I'm from ASIAN. trying to learn English from anywhere !. I'm 24 y.o and I'm an engineer. looking for partner for training my speaking. I spend my free time for:reading, travelling, motorcycle riding. I need to speak English to be more fluent. We can share our culture , hobbies or our Daily life together",Uploads/HomePics/4356927.jpg?rand=0.7397409,"May 20, 2022",Amir,"Persian (Farsi, Dari)",English,4356927
(Asia),Other,"looking for a language partner for Japanese & Chinese. Likes playing valorant and minecraft. I also like reading manga and watch anime. nihao, konichiwa.",Uploads/HomePics/4356820.jpg?rand=0.9386411,"May 20, 2022",zachary,English,"Chinese, Mandarin",4356820
(London),Other,"Hi, my native language is Polish but I also speak English pretty well (lived in London for a long time).",images/Face.gif,"May 18, 2022",Pawel,"Polish,English",Yiddish,4356655
(Other),Other,I like traveling and meeting people from around the world. I am interested in learning different languages,images/Face.gif,"May 18, 2022",Tony,English,"Spanish,Italian,- Other -",4300440
(ĞĞ¸Ğ¶Ğ½Ğ¸Ğ¹ ĞĞ¾Ğ²Ğ³Ğ¾Ñ€Ğ¾Ğ´),Other,"Ğ¯ Ğ¸Ğ· Ğ Ğ¾ÑÑĞ¸Ğ¸, Ğ³Ğ¾Ñ€Ğ¾Ğ´Ğ° ĞĞ¸Ğ¶Ğ½Ğ¸Ğ¹ ĞĞ¾Ğ²Ğ³Ğ¾Ñ€Ğ¾Ğ´. Ğ¥Ğ¾Ñ‡Ñƒ Ğ¸Ğ·ÑƒÑ‡Ğ¸Ñ‚ÑŒ ÑĞ·Ñ‹Ğº. Ğ”Ğ»Ñ Ğ¾Ğ±Ñ‰ĞµĞ½Ğ¸Ñ",images/Face.gif,"May 17, 2022",ĞœĞ°ĞºÑĞ¸Ğ¼,Russian,English,4356422
(unknowed),Other,"Hey, i wanna learn Russian with native speakers and it will be a pleasure to communicate with u)",images/Face.gif,"May 17, 2022",John,English,Russian,4219231
(Port Vila),Other,I am interested to learn languages and cultures from all around the world and also to find friends who are able to teach me how to play classical guitar music from beginner to advance.,Uploads/HomePics/4288610.jpg?rand=0.482886,"May 17, 2022",Christine,English,English,4288610
(other),Other,"Hi! Call me Tracy, I I like drawing and writing poetry and also meeting new friends~ I hope that we could have a quality time together and if we got really close we can meet in person as well! iâ€™m a person who really likes to fantasize and imagine different things, currently 14 and wishing for someone my age(or older) to get in contact with me~",Uploads/HomePics/4355583.jpg?rand=0.4762498,"May 17, 2022",Tracy,"Chinese, Mandarin",English,4355583
(Djibouti),Other,I'm simple girl,images/Face.gif,"May 16, 2022",Sunrise,"Afrikaans,Arabic, Middle Eastern,Amharic (Ethiopian)","English,French,Korean",4356081
(Kampala),Other,"Am a down to earthlady,easy going,loving and ready to help others,I love soccer, internet,making friends,visiting beaches,taking long walks and love to learn",Uploads/HomePics/4051589.jpg?rand=0.1059454,"May 16, 2022",Essie,Afrikaans,French,4051589
(Noinformation),Other,Hi! I'm Mell. I'm looking for a pen-pals to language exchange. I'm speaking English and learning German so I want improve my language's abilities. I speak Russian natively and can help you with learning this language if you interested in it.,images/Face.gif,"May 14, 2022",Mell,Russian,"English,German",4153421
(GSC),Other,"Hi, I'm Ging. I like music and arts. I self-study Korean and I wish to be fluent at it before I start another language to learn. I hope to help you with English in exchange.",Uploads/HomePics/4354935.jpg?rand=0.8429573,"May 12, 2022",Xiao,"Cebuano (Bisaya),English,Filipino (Tagalog)",Korean,4354935
(BARBADOS),Other,"Hi, I am an English speaker. My English is not perfect. However, I am relatively fluent in writing and speaking. I am trying to become more fluent in Spanish (which I know a bit about) and then start learning other languages (starting with any language but preferably one of my three optional languages).",images/Face.gif,"May 12, 2022",Tay,English,"Spanish,Korean,French,Chinese, Mandarin",4355285
(San JosÃ©),Other,"Hi, looking for people to practice languages i like, is hard for me to learn the traditional way, so yeah.",Uploads/HomePics/4318102.jpg?rand=0.5637454,"May 11, 2022",valerya,"Spanish,English","French,Italian,Japanese",4318102
(Riga),Other,"Hi!Hola!Me lliamo Pavel (o Pa6pall).Querria hablar espanol, porque espanol me gusta. Pero esto tiempo no puedo hablar muy bien.My name is Pawel ĞŸĞ°Ğ²ĞµĞ».i like sport,swimming,music....As for me the best way for communication it is communication.Ğ—Ğ´Ñ€Ğ°Ğ²ÑÑ‚Ğ²ÑƒĞ¹Ñ‚Ğµ! ĞœĞµĞ½Ñ Ğ·Ğ¾Ğ²ÑƒÑ‚ ĞŸĞ°Ğ²ĞµĞ» .ĞœĞ½Ğµ Ğ¸Ğ½Ñ‚ĞµÑ€ĞµÑĞ½Ñ‹ Ğ»ÑĞ´Ğ¸ Ğ¸Ğ· Ğ­ĞºĞ²Ğ°Ğ´Ğ¾Ñ€Ğ°,Ğ’ĞµĞ½ĞµÑÑƒÑĞ»Ñ‹,ĞœĞµĞºÑĞ¸ĞºĞ¸,ĞšÑƒĞ±Ñ‹,,Ğ˜ÑĞ¿Ğ°Ğ½Ğ¸Ğ¸ Ğ¸ Ğ´Ñ€ÑƒĞ³Ğ¸Ñ… ÑÑ‚Ñ€Ğ°Ğ½ ... Ğ£Ñ‡Ñƒ Ğ¸ÑĞ¿Ğ°Ğ½ÑĞºĞ¸Ğ¹ Ğ¸ Ğ¼Ğ¾Ğ³Ñƒ Ğ¿Ğ¾Ğ¼Ğ¾Ñ‡ÑŒ Ñ Ğ¸Ğ·ÑƒÑ‡ĞµĞ½Ğ¸ĞµĞ¼ Ñ€ÑƒÑÑ...",Uploads/HomePics/1853026.jpg?rand=0.9935898,"May 10, 2022",Pavel,Russian,"English,Spanish",1853026
(Bedford),Other,"I have 2 dogs and 1 bearded dragon , I have been learning french for about 4 years and I can only say 3 words that I know what they mean And Iâ€™m 12",Uploads/HomePics/4354745.jpg?rand=0.2352152,"May 9, 2022",Demi,English,French,4354745
(Bedford),Other,I really want to get better at Turkish because I have started to go there yearly but I canâ€™t say anything in Turkish,images/Face.gif,"May 8, 2022",Demi,English,Turkish,4354692
(unknown),Other,I'm learning English I can teach you arabic,images/Face.gif,"May 8, 2022",lily,"Arabic, Egyptian",English,4354563
(Tehran),Other,.,images/Face.gif,"May 8, 2022",Deniz,"Persian (Farsi, Dari)",English,4354538
(Other),Other,Hi. Im very interested in culture and history of any country. I have many hobbies. Can you share your culture and talk about our hobbies?,images/Face.gif,"May 7, 2022",Empty,"Arabic, Middle Eastern","English,- Other -,- Other -",4127525
(Lusaka),Other,"Hello everyone I'm here to help you (learn / practice) English or Arabic, ill be glad if you can help me with French.",Uploads/HomePics/3104515.jpg?rand=0.2610712,"May 7, 2022",Nuradin,"Arabic, other,English,Arabic, Middle Eastern",French,3104515
(Nil),Other,I just want to be able to watch kdramas without reading subtitlesğŸ™„ğŸ™„.,images/Face.gif,"May 7, 2022",Eden,English,Korean,4219804
(Yunnan),Other,"My mother tone is Mandarin.I enjoy reading books , listening to music and watching TV.I really want to meet a partner who can teach me English",images/Face.gif,"May 7, 2022",liu,- Other -,Armenian,4354356
(Cotonou),Other,Je suis un Ã©tudiant en licence trois au dÃ©partement des Ã©tudes anglophones au prÃ¨s du BÃ©nin. Je recherche plus de correspondant afin d'amÃ©liorer ma vision des faits et aussi nourrir mon dÃ©sir de connaÃ®tre le monde et ses langues. Surtout l'Inde.,Uploads/HomePics/4354340.jpg?rand=0.7799084,"May 7, 2022",AimÃ© Jean,"French,Fon (Dahomeen, Djedji, Fongbe)","French,English",4354340
(Other),Other,"I want to improve my English, and make friends.. also I would be glad to help other with Arabic",images/Face.gif,"May 6, 2022",Rwan,"Arabic, other",English,4354194
(Maseru),Other,"I have been in China_ Beijing and Chongqing! Loved the chinise culture and food so much...would like to learn chinise language, though im not sure which one!",Uploads/HomePics/3877599.jpg?rand=0.1150748,"May 5, 2022",Nyolohelo,Tswana,"Chinese, other",3877599
(Yangon),Other,Interest in arts and technology.,images/Face.gif,"May 4, 2022",Curie,Burmese,English,4353827
(World),Other,Hello : ),images/Face.gif,"May 4, 2022",Yasemin,Turkish,"English,Arabic, Middle Eastern,Latin",2700748
(Santiago),Other,Hy,Uploads/HomePics/4353820.jpg?rand=0.7193626,"May 4, 2022",Santiago,- Other -,Spanish,4353820
(Lagos),Other,Hey y'all I'm Somto.I can help anyone with English og i tilbake du underviser meg hvordan Ã¥ snakker og skriver norsk.jeg vil gjerne lÃ¦rer mer uttryk.Et aussi la bonne langue francaise.j'aimerai apprendre Ã§a.j'en envie de parler mieux francais.,images/Face.gif,"May 4, 2022",Somto,"English,Igbo (Ibo)","Norwegian,French",4178020
(Greenock),Other,"Ciao, my name is Angela iam live in Scotland,in Italian â€œAngelina â€œI have many years staying in your beautiful city of Venice, I would like to exchange with people actually living in Venice city, to learn more Italian, I can teach you English, my interests are Italian opera, Venetian old masters â€œtitianâ€ canelettoâ€ memories of caffe Florian, attending high alter mass in San Marco basilica, trav...",images/Face.gif,"May 4, 2022",Angelina,English,Italian,4331807
not provided,Other,"Bonjour ! Je veux apprendre le japonais pour comprendre tous types de mÃ©dias (Audio, vidÃ©o, lecture etc...) et peut-Ãªtre pouvoir voyager au Japon un jour. J'aime beaucoup de choses donc je pourrais sÃ»rement m'adapter aux diffÃ©rents profils que je croiserai. Je ne pense pas avoir un trÃ¨s bon niveau cependant (pour l'instant !) Hello ! I want to learn japanese to understand all ...",images/Face.gif,"May 4, 2022",Emma,"French,English",Japanese,4349242
(No),Other,I like learning new languages and making new friends. I would like to be fluent in English and learn how to speaker in Russian.,images/Face.gif,"May 4, 2022",Laura,"Slovak,Hungarian","English,Russian",4353782
(Ã®le de la RÃ©union),Other,"Bonjour, mon prenom est Colette j'ai 36 ans, je vis Ã  l'Ã®le de la RÃ©union. J'ai toujours Ã©tÃ© passionnÃ© par les langues , et, j'ai un penchant pour l'allemand.Dans ma scolaritÃ© , j'ai passÃ© un mois Ã  Berlin.J'adore dÃ©couvrir diffÃ©rentes cultures, civilisation, c'est trÃ©s riche !!!Je souhaite Ã©changer et amÃ©liorer cette langue. En outre, je souhaiterai passer ...",Uploads/HomePics/1892880.jpg?rand=0.5652211,"May 3, 2022",marie,"French,Creole","German,English",1892880
(Stadt),Other,"I would like to practice Chinese. I am open to talking about pretty much any subject. If I don't know much about the subject in question, I will (most likely) take an interest, listen (or read) to you, and ask questions.",images/Face.gif,"May 3, 2022",Hugo,"German,English","English,Chinese, Mandarin",3872688
(Tashkent),Other,Hey everyone! I'd like to talk with you about anything. It's gonna be match if you are a student as me. I'm studying engineering and trying to support my speaking. Also I can help you with some difficulties in Russian. Or maybe you will be more interest in explaining some Russian phrases. I am open person but please no negative. Maybe I could be your friend from that side.,Uploads/HomePics/4353402.jpg?rand=0.7645993,"May 2, 2022",Alina,Russian,English,4353402
(Others),Other,Hi I m hatacia I am a friendly person,Uploads/HomePics/4352324.jpg?rand=0.5362462,"May 2, 2022",Hatacia,- Other -,- Other -,4352324
(Aliab),Other,Hi. I'm mahdie,images/Face.gif,"May 2, 2022",Mahdie,"Persian (Farsi, Dari)",English,4353350
(Other),Other,"Korean dramas, kpop, crecimiento personal.",images/Face.gif,"May 1, 2022",Lix,Spanish,Korean,4353205
(Lagos),Other,"I am learning in order to know about other people's culture,different languages and their way of life. More importantly, to learn more about other continents,their principles and beliefs,virtues and values. I'm a kind and fun-loving person who wishes to meet someone with those same qualities. I would like someone who is passionate about life and wants to take it to the fullest, someone w...",images/Face.gif,"May 1, 2022",Michael,"Afrikaans,- Other -",- Other -,4352969
(Bo),Other,I am David Peter Jenkins. A Sierra Leonean. Deeply knows English language and very moderate French. I have worked for some good organizations. I am more interested in learning French.,images/Face.gif,"May 1, 2022",David Peter,English,French,4353081
(ä¸Šæµ·),Other,"Hello, I'm from China. I have learned English for serval years. I can read and write, but can't speak fluently. If you are learning Mandarin. Pls contact me, We can help each other. Looking forward to your message, thanks.",images/Face.gif,"April 30, 2022",Josie,"Chinese, Mandarin",English,4352851
(uk),Other,"My name is Dr. Giroud khalid george, 51 years old individual, Iâ€™m a private Researcher",images/Face.gif,"April 29, 2022",giroud,English,French,4352725
(Columbus),Other,I'm 11 years old and I'm really interested in the Korean culture and i really want to learn Korean and i love k-pop and most music,Uploads/HomePics/4352623.jpg?rand=0.1129833,"April 28, 2022",Alex,English,Korean,4352623
(Tehran),Other,"Hi there, I'm a programmer who loves languages. I'm interested in learning Russian. IG ĞŸÑ€Ğ¸Ğ²ĞµÑ‚, Ñ Ñ…Ğ¾Ñ‡Ñƒ Ğ²Ñ‹ÑƒÑ‡Ğ¸Ñ‚ÑŒ Ñ€ÑƒÑÑĞºĞ¸Ğ¹ ÑĞ·Ñ‹Ğº. Ğ•ÑĞ»Ğ¸ Ğ²Ñ‹ Ñ…Ğ¾Ñ‚Ğ¸Ñ‚Ğµ Ğ²Ñ‹ÑƒÑ‡Ğ¸Ñ‚ÑŒ Ğ°Ğ½Ğ³Ğ»Ğ¸Ğ¹ÑĞºĞ¸Ğ¹ ÑĞ·Ñ‹Ğº, Ñ Ğ¼Ğ¾Ğ³Ñƒ Ğ²Ğ°Ğ¼ Ğ¿Ğ¾Ğ¼Ğ¾Ñ‡ÑŒ. Ğ”Ğ°Ğ¹Ñ‚Ğµ Ğ¼Ğ½Ğµ Ğ·Ğ½Ğ°Ñ‚ÑŒ.",Uploads/HomePics/4250463.jpg?rand=0.9954886,"April 28, 2022",h.pirvandd,"Persian (Farsi, Dari),English","English,Russian,- Other -,- Other -",4250463
(Ã–sterreich / Austria),Other,"Meine LieblingsplÃ¤tze: Berge, Seen, StrÃ¤nde, Strassen zum Radfahren, Wanderwege, Wald, Polen (Warschau und Krakau), Ã–sterreich (meine Heimat). Ich habe Freunde in Polen und mÃ¶chte flieÃŸender Polnisch sprechen. Ich bin alt, aber noch sportlich und lebe gesund (zumindest glaube ich das). . . . Moje ulubione miejsca: gÃ³ry, jeziora, plaÅ¼e, drogi rowerowe, szlaki turystyczne, las, Polska (Warszawa ...",Uploads/HomePics/4347603.jpg?rand=0.3479726,"April 28, 2022",Gab,German,Polish,4347603
(Taiwan Taipei),Other,hola I am from Taiwan. I'd like to improve my English and learning Spanish. I don't speak Spanish. Hope someone can help me. I like to make friends all around the world. Thank you,images/Face.gif,"April 27, 2022",Kelly,"Chinese, other","English,Spanish",3482794
(Ariel),Other,"I'm 37, married, work as a natural health practioner. My interests are: astronomy, yoga, alternative medicine, gardening and everything about kids (I have two). Other subjects are also fine. I'd like to practice fluency of English with native american speaker of any age. Can help with Russian and Hebrew. I speak Hebrew as a native speaker and can help with beginner+ level and up.",images/Face.gif,"April 27, 2022",Lena4444,"Hebrew,Russian",English,3626165
(Onalaska),Other,"I am Silas Craney, I'm 15 years old, and I'm trying to learn French for school, and also just for fun! I would like to get a french pen pal to teach me french, and I can help you learn English. Don't hesitate to contact me! :)",Uploads/HomePics/4351281.jpg?rand=0.3691493,"April 26, 2022",Silas,English,French,4351281
(other),Other,"hello, you can sent me message if you interested for learning each other...i'm interested in learning english , maybe other language...,i am looking for someone to help me learn and practice the english language , we will exchange languages learning and and exchange of cultures... you can add me if i sent you message . i know and speak official Arabic language ( fus-ha - Ø§Ù„ÙØµØ­Ù‰ ) very well, b...",Uploads/HomePics/4308573.jpg?rand=0.744767,"April 25, 2022",RAHMANI,"Arabic, Middle Eastern,Arabic, Palestinian,Arabic, other,Arabic, Moroccan","English,- Other -",4308573
(other),Other,"I'm 16. I enjoy music, art, and language/linguistics, I want to practice my french to be able to communicate better with french speakers, not just in a formal but in a casual and colloquial way as well. I can Help with english and spanish aswell.",images/Face.gif,"April 25, 2022",josh,"Spanish,English",French,4333071
(Bloody Mordor),Other,"Hi everyone! I live in Bloody Mordor and around me nobody speaks English. I like study other languages same as German, little bit Spanish, Finnish and more English. I like photography, DIY electronics, travel, hiking, amateur radio. I want to find friends.",Uploads/HomePics/4351026.jpg?rand=0.1653841,"April 25, 2022",Aleksandr,Russian,English,4351026
(Florida),Other,I like to learn different languages because i like to travel,images/Face.gif,"April 24, 2022",Mercy,English,"French,German,Italian",4351734
(Classified),Other,Hello my name is Emil My hobbies are playing games doing sports(sometimes) and so on Feel free to talk to me,images/Face.gif,"April 23, 2022",Emil,English,Japanese,4351322
(LomÃ©),Other,"Bonjour je m'appelle honorÃ©, je suis assez jeune pour mon Ã¢ge et la raison pour laquelle je voudrais augmenter mon niveau en anglais est que mon domaine de travail et mes centres d'intÃ©rÃªt sont pour la plupart en anglais",Uploads/HomePics/4349823.jpg?rand=0.5133199,"April 22, 2022",HonorÃ©,French,English,4349823
((â—ï½€ï½¥(ï½´)ï½¥Â´â—)),Other,(â—ï½€ï½¥(ï½´)ï½¥Â´â—),images/Face.gif,"April 22, 2022",human,Russian,German,4351101
not provided,Other,I'm here to improve my speaking skill cause I'm studying English literature,images/Face.gif,"April 21, 2022",Yom,"Arabic, Egyptian",English,4351063
(Otro),Other,"Salut tout le monde, intÃ©ressÃ© Ã  apprendre une nouvelle langue,je suis divorcÃ© et j'ai 3 filles et l'une d'elles s'intÃ©resse Ã  cette merveilleuse langue, je parle espagnol, un peu anglaisSalut tout le monde, intÃ©ressÃ© Ã  apprendre une nouvelle langue, j'ai 3 filles et l'une d'elles s'intÃ©resse Ã  cette merveilleuse langue, je parle espagnol, un peu anglais j...",Uploads/HomePics/4350864.jpg?rand=0.5021356,"April 21, 2022",A,Spanish,French,4350864
(N/A),Other,N/A,images/Face.gif,"April 20, 2022",A,English,German,4350850
(poo),Other,poo,images/Face.gif,"April 20, 2022",poo,English,English,4350799
(other),Other,Hi! My name is Dilfuza. I want to learn Korean so I'm here_;).,Uploads/HomePics/4333760.jpg?rand=0.4273663,"April 20, 2022",Dilfuza,Uzbek,Korean,4333760
(Bandar Seri Begawan),Other,Hello! ã“ã‚“ã«ã¡ã¯ã€ãƒŸãƒŠã§ã™ã€‚ä»Šãƒ–ãƒ«ãƒã‚¤ã«ã™ã‚“ã§ã„ã¾ã™ã€‚å¤§å­¦ã®å…ˆç”Ÿã§ã™ï¼ãƒ‡ã‚¸ã‚¿ãƒ«ãƒ¡ã‚¨ã‚¸ã‚¢ã‚’æ•™ãˆã¦ã„ã¾ã™ã€‚31æ­³ã§ã™ã€‚æ—¥æœ¬èªã‚’å­¦ã³å§‹ã‚ã¦7ãƒ¶æœˆã§ã™ã€‚ I only have 1 class (1:30) per week so itâ€™s a somewhat slow progress. Iâ€™ve always wanted to learn the Japanese language but have never gone for it as I have found it too intimidating and thought it would be impossible to learn. But Iâ€™m glad I started and Iâ€™m enjoying it so far. Since I donâ€™t have anyone to speak the la...,images/Face.gif,"April 19, 2022",Azmina,Malay (Bahasa Malaysia),Japanese,4350114
(poo),Other,no,images/Face.gif,"April 19, 2022",poo,English,English,4350509
(Joha),Other,Hi. English is my first language and I am interested in meeting people and making new friends.,Uploads/HomePics/4350407.jpg?rand=0.5211811,"April 19, 2022",Eihuri,English,Korean,4350407
(Naumburg),Other,Ø§Ø­Ø¨ ØªØ¹Ù„Ù…Ù‡Ø§ Ù„Ø£Ø¬Ù„ Ø§Ù„Ø¹Ù…Ù„,images/Face.gif,"April 17, 2022",Tariq,"Arabic, Palestinian",Swiss German,4350090
(Benghazi),Other,Hi to everyone I'm from Mediterranean I hope to meet good people here and I hope to improve my English and help anyone if like learning Arabic ğŸ‘‹,images/Face.gif,"April 17, 2022",MEGOO,"Arabic, Middle Eastern",English,4347312
(Doha),Other,"I am a teacher, my native language is Arabic, I would like an English native speaker to exchange language and i will learn him/her Arabic and in the same time i will acquire English from our discussion through speaking in many topic casually not officially and he/she will not feels any boredom or anything like this.",images/Face.gif,"April 17, 2022",Nasirco,"Arabic, Egyptian",English,4349940
(Jaipur),Other,"I love languages,I have few intrest area like music,gym, traveling etc.im intresting in knowing the other countries, culture & people..",Uploads/HomePics/4349775.png?rand=0.4580442,"April 16, 2022",Shining,- Other -,English,4349775
(Rome),Other,Jogging and swim,images/Face.gif,"April 14, 2022",Sarah,Italian,English,4349443
(Lyon),Other,"Hello My name is Yulia, I am a simple and open-minded person and I am here to meet men and women for a very good sincere friendship, thank you.",images/Face.gif,"April 14, 2022",vera,English,French,4349204
(tt),Other,"Hi there, I'm beginning to study English, I need it for work . I speak Arabic, if you are interested to learn it, and you know English message me . only for serious girls.",images/Face.gif,"April 13, 2022",lane,"Arabic, other",English,4349296
not provided,Other,"Ciao!Io sono cinese e abito in Cina.So il cinese e il giapponese.Mi piace la storia di europa,penso di conoscerla nella lingua di quel paese.Mi piace anche la musica e l'arte,amo la nostra bella terra.Chiacchieriamo mentre ci aiutiamo a vicenda.",images/Face.gif,"April 13, 2022",Croce,"Japanese,Chinese, Mandarin","Italian,French",4106167
(OTHER),Other,"Salam Alykom / Bonjour / hello / hola /Halo ... : ) I will be happy to practice French /Arabic /English with you , I have a set up program from total Beginner A1 to Advance C1 ; In exchange of a Spanish - Portuguese/ Deutsch / Chinese Or Russian . We live in a global world! Its a great idea to learn about the rich culture and the diverse languages of all the beautiful people of the world ! I...",Uploads/HomePics/4183796.jpg?rand=0.571756,"April 12, 2022",HAMZA,"French,Arabic, other,English","Spanish,Portuguese,Chinese, Mandarin,Russian",4183796
not provided,Other,Me interesa el espaÃ±ol,images/Face.gif,"April 12, 2022",Dani,English,Spanish,4349071
(Antarctica),Other,"Welcome to my page : ) I am from North America. I enjoy talking to people from around the globe about practically anything within reason. I enjoy good dialogue about practically anything and will never intentionally leave someone without a response. I naturally can speak English natively and am willing to assist anyone with questions, comments, or otherwise want to better their language...",images/Face.gif,"April 10, 2022",Mr.,English,"Latin,Spanish,Russian",4348208
(Podgorica),Other,Necesito aprender montenegrino porque estoy viviendo aqui,images/Face.gif,"April 10, 2022",Rosmery,Spanish,Montenegrin,4348478
(Hassa),Other,learning French,images/Face.gif,"April 9, 2022",Hassan,English,French,4346826
(Iran),Other,"I am from Iran and would like to find good friends. Dear friends, I am a golden member until 7th November. If you would like to speak to me, please send me your email address.Thank you and all the best.",Uploads/HomePics/4293975.jpg?rand=0.859649,"April 8, 2022",Sara,"Persian (Farsi, Dari)",- Other -,4293975
(St Maarten),Other,I can speak English & Spanish. I just wanna learn Papiamento so bad.,images/Face.gif,"April 7, 2022",Marabella,English,Papiamento (or Papiamentu),4347977
(Port au Prince),Other,"Hello, my name is Annie, I am an introvert, i m interested about technology, I live in Port-au-Prince, i like meeting people. I m here to practice english, help people who want to learn Creole, practice french, Learn from other people and make friends too.",images/Face.gif,"April 6, 2022",Annie,"French,Creole,English","English,French,Korean",3567734
(malaysia),Other,"hello,you send me message.i'm interested in learning english , maybe other language...,i am looking for someone to help me learn and practice the english language , we will exchange languages learning you can add me. You can communicate via Whatsapp.i know and speak classical arabic ( fus-ha - Ø§Ù„ÙØµØ­Ù‰ ) very well, because it is my native language :), and i will also i can teach you the arabic ...",images/Face.gif,"April 5, 2022",,"Arabic, Middle Eastern,Arabic, other,Arabic, Egyptian,Arabic, Moroccan","English,- Other -,- Other -,- Other -",3566781
(Ù†ÛŒØ´Ø§Ø¨ÙˆØ±),Other,,Uploads/HomePics/4347150.jpg?rand=0.6383803,"April 5, 2022",Zahra,"Persian (Farsi, Dari)","Native American (Ojibway, Cree...)",4347150
(Soufriere),Other,"I love to Listen to music and watch dance videos, and reading.",images/Face.gif,"April 4, 2022",Deslee,English,French,4347190
(china),Other,"I enjoy watching movies and listening to the music.I like to watching dramas and talented show as well.so I am glad to talk about them.I want to learn french as my second language because I want to know how romantic it is.During the process of learning,I hope that I can make friends.",images/Face.gif,"April 4, 2022",Walter,"Chinese, other,English","English,French",4347020
(Daejeon),Other,Wanna learn Korean and make new friends,Uploads/HomePics/3845344.jpg?rand=0.7011885,"April 4, 2022",Dosty,English,Korean,3845344
(Kampala),Other,"Am Solomonfrom Kampala,Uganda. I would like to practice English language because i will be visiting Turkey soon.",images/Face.gif,"April 2, 2022",Solomon,Afrikaans,English,4346735
(other),Other,"Hi, my name is Steffany, I start learning Hebrew I'm Mexican :) just friends see ya",images/Face.gif,"April 2, 2022",Steffany,"Spanish,English","Hebrew,French,English",3942491
(other),Other,...,images/Face.gif,"April 2, 2022",Ali,Xhosa,English,4247938
(Paris),Other,"I'm an English student in college , so I want to improve my language skills .",Uploads/HomePics/4346622.jpg?rand=0.7662276,"April 2, 2022",Quistis,"Arabic, other",English,4346622
(Halle),Other,Hey my Name is Sophia and i am 11 years old.I'm looking for friends who can or learn Korean. I live in germany. Please write back :),images/Face.gif,"April 1, 2022",Sophia,German,Korean,4346482
(New york),Other,"hello Tell us something about yourself - your interests, why you are learning that language, etc. Write in any language.",images/Face.gif,"April 1, 2022",Michal,- Other -,- Other -,4327827
(St. John's),Other,"Hello. I am Alexia and I love to read, sing, write, play my ukulele, and I love watching anime and Adventure Time. I am currently learning French at the intermediate level, and I am a complete beginner at Spanish. I would love to learn more about French and Spanish culture and would love to talk with you so HMU.",images/Face.gif,"March 31, 2022",Alexia,English,"French,Spanish",4346341
(---),Other,food,images/Face.gif,"March 31, 2022",jdksn,Igbo (Ibo),English,4346190
(Other),Other,"Looking for someone from Saudi Arabic to help me learn Hejazi Arabic. Recommend shows to watch, courses & voice calls. We can talk in English as well & I could help with that. Discord 5",images/Face.gif,"March 30, 2022",miss,English,"Arabic, other",4345997
(The Woods),Other,ğŸ›ğŸŒˆğŸ¦‹ ğŸ¤ŸğŸ»ğŸŒâ™¾,images/Face.gif,"March 29, 2022",Rainbow,English,"Native American (Ojibway, Cree...)",4345794
(Podgorica),Other,I am working in Podgorica. Looking for a Montenegrin instructor.,images/Face.gif,"March 29, 2022",Taylor,English,Montenegrin,4345784
(castries),Other,"hi, my name is sanny, i would like some help learning german and spanish language, ill also do the same.",Uploads/HomePics/3809691.jpg?rand=0.4790998,"March 28, 2022",sanny,English,"German,Spanish",3809691
(Other),Other,I am an English speaker looking to learn Occitan.,Uploads/HomePics/4334506.jpg?rand=4.521036E-02,"March 28, 2022",Lindy,English,Occitan (Occitani),4334506
(Ankara/ Turkey),Other,"Merhaba Benim adÄ±m Akif. Lise Ã¶ÄŸrencisiyim. Japonya'yÄ± ve Japon insanlarÄ±nÄ± kÃ¼Ã§Ã¼klÃ¼ÄŸÃ¼mden beri Ã§ok seviyorum, saygÄ± duyuyorum. JaponcamÄ± geliÅŸtirmek istiyorum. â™¡â€¿â™¡",Uploads/HomePics/4310147.jpg?rand=0.3468787,"March 28, 2022",Akif,Turkish,Japanese,4310147
(rihad),Other,I want to strengthen my language because the world trend has changed and become a prerequisite,images/Face.gif,"March 27, 2022",fay,"Arabic, other",English,4335504
(Ú©Ø±Ø¬),Other,I'm going to immigrate to canada.so I wanna learn and practice english.ğŸ‘Œ,images/Face.gif,"March 27, 2022",Solmaz,"Persian (Farsi, Dari)",English,4335394
(Jaddah),Other,I love English.,images/Face.gif,"March 26, 2022",Alaa,"Arabic, Middle Eastern",English,4335242
not provided,Other,"Teacher, like dance, shopping, singing listening to music.",images/Face.gif,"March 26, 2022",Farida,Russian,English,4335236
(other),Other,looking for a Korean or anyone who wants to practice English looking for someone who can teach me korean and i will teach him/her english,Uploads/HomePics/4334760.jpg?rand=0.7860814,"March 24, 2022",hanah,"Korean,English,French,Arabic, Egyptian",English,4334760
(Malaysia),Other,Im here to learning new language and make new friends.. I love motoGP.. Also im love reading and writing.. Music ğŸ€ğŸ¦•ğŸplease be nice to me.. Sorry if im a bored person,Uploads/HomePics/4334739.jpg?rand=0.8453043,"March 24, 2022",My,Malay (Bahasa Malaysia),- Other -,4334739
(LOME),Other,"ICH BIN MAUREL. ICH STUDIERE DEUTSCH IN DIE UNIVERSITAT AUS LOME. ICH SUCHE EIN FREUND,DER KANN MIR IM DEUTSCH HELFEN.ICH FINDE DEUTSCH SEHR INTERESSANT.BALD WILL ICH DEUTSCHLEHRER WERDEN.",Uploads/HomePics/4284169.jpg?rand=0.2151058,"March 24, 2022",Maurel,Afrikaans,German,4284169
(Lahore),Other,I am a student,images/Face.gif,"March 24, 2022",Talal,- Other -,- Other -,4334625
(Bangalore),Other,"Hi! My name is Ann and I recently began learning Japanese. I've watched quite a bit of Anime and I thought it would be nice to be able to understand the dialogue without needing subtitles. My interests include - books (I read over a 100 a year, mostly fantasy fiction, sometimes I delve into Romance), movies, computer science, Anime, manga, music and sitcoms (The Office being my favorite).",images/Face.gif,"March 22, 2022",Ann,English,Japanese,4329870
(London),Other,I am an Englishman who would like to come to Greece this summer. I want to learn some basic Greek. In exchange I can offer you practice with your English!,images/Face.gif,"March 21, 2022",Peter,English,Greek,4334032
(Ø§Ù„Ø²Ø±Ù‚Ø§Ø¡),Other,Ø§Ø±ÙŠØ¯ Ø§Ù† Ø§ØªØ¹Ù„Ù… Ø§Ù„Ù„ØºØ© Ø§Ù„Ø§Ù†Ø¬Ù„ÙŠØ²ÙŠØ© Ù„Ù„Ø¯Ø±Ø§Ø³Ø© ÙˆÙ„Ù„Ø³ÙØ± Ø­ÙˆÙ„ Ø§Ù„Ø¹Ø§Ù„Ù…,images/Face.gif,"March 20, 2022",Mai,"Arabic, other",English,4333851
(Somewhere),Other,"Hello, I'd like to improve my English and want to make foreign friends. Let's study together and have some fun talk :) ã‚ˆã‚ã—ããŠé¡˜ã„ã—ã¾ã™ã€‚",Uploads/HomePics/3004244.jpg?rand=0.9810676,"March 19, 2022",Mayu,Japanese,English,3004244
(vienna),Other,"My name is Mohi, I studied business administration - I love to do take photo or editing, travel, sport, camping, dance and music. I love learning languages especially German, and this will help me in life.",Uploads/HomePics/4333061.jpg?rand=0.8567508,"March 18, 2022",mohi,"Arabic, Middle Eastern",German,4333061
(Cotonou),Other,"Harold, originaire du BÃ©nin. Mon cercle d'intÃ©rÃªts regroupe essentiellement les voyages,la lecture, le sport(Foot), les rencontres etc. J'aime beaucoup l'igname pilÃ©e associÃ©e Ã  la soupe faite Ã  base d'arachide. Apprendre les langues Ã©trangÃ¨res reprÃ©sente une passion pour moi, et le crÃ©ole en particulier parce que j'ai un fort penchant pour la culture crÃ©ole et pour sa m...",images/Face.gif,"March 17, 2022",Harold,"Fon (Dahomeen, Djedji, Fongbe)",Creole,2691883
(No Where),Other,Hi My name is Jana I wanna improve my Korean'im so bad' I hope I can get good friends too~,images/Face.gif,"March 17, 2022",Jana,English,Korean,4333174
(Ø·Ø±Ø§Ø¨Ù„Ø³),Other,Ù…Ø±Ø­Ø¨Ø§ Ø§ØªØ¹Ù„Ù… Ø§Ù„Ù„ØºØ© Ø§Ù„Ø§Ù†Ø¬Ù„ÙŠØ²ÙŠØ© Ùˆ ÙŠØ³Ø±Ù†ÙŠ Ø§Ù† Ø§Ø³Ø§Ø¹Ø¯ Ø§ÙŠ Ø§Ø­Ø¯ Ù…Ù‡ØªÙ… Ø¨Ø§Ù„Ù„ØºØ© Ø§Ù„Ø¹Ø±Ø¨ÙŠØ©,images/Face.gif,"March 17, 2022",Ø¹Ø¨Ø¯Ø§Ù„Ø±Ø¤ÙˆÙ,"Arabic, other",English,4332972
not provided,Other,I need to practice the language,images/Face.gif,"March 16, 2022",H.,"Arabic, Middle Eastern",English,4332872
not provided,Other,Soh ma native language is Persian.. I have BA degree in English language andseeking for sb helping me to improve ma English..arabi indian language ..I will be happy to help the ones r going to improve their persian language:).....,Uploads/HomePics/2738552.jpg?rand=0.3974105,"March 15, 2022",soheyla,"Persian (Farsi, Dari)","English,Spanish,Arabic, Moroccan",2738552
(....),Other,Hallo an Alle! Ich suche nette Leute zum Sprachaustausch und bin froh mit Deutsch aushelfen zu kÃ¶nnen.,images/Face.gif,"March 13, 2022",Aml,German,"English,Arabic, Middle Eastern,Arabic, Middle Eastern,Arabic, other",3918139
(Parakou),Other,Je suis sympathique aimant les dÃ©bats sur la religion islamique,images/Face.gif,"March 13, 2022",Moussouloumi,- Other -,French,4332183
(í•œêµ­ ì¶©ë‚¨),Other,ì•ˆë…•í•˜ì„¸ìš”,images/Face.gif,"March 13, 2022",ì£¼ì—°,Korean,English,4332130
(isfara),Other,i am 20 years old. i want to be a physic. Also i want to go to the foreign country. Can you help me? if you help me then i help you in practice of russian and their culture so forth.,images/Face.gif,"March 13, 2022",subhojong,Russian,English,4332127
(St. Thomas),Other,Hi Iâ€™m looking for a friend or pen pal that is also learning or can speak French. I love to read and binge watch anything. Iâ€™m open to talk about anything my interest is your interestğŸ˜ƒ. Iâ€™m a huge marvel fan and Harry Potter fan. I think thatâ€™s about it. And am turning 16.,images/Face.gif,"March 12, 2022",Kanesha,English,French,4331801
(York),Other,"Hello well i'm looking to learn french, I love the sound of the language and would like to become fluent. I'm a beginner :) I know the basics how to say my name, thank you and few other words. I've not got many interests I enjoy going to the gym and meeting new people and learning about different cultures. So if you want to chat generally about every and everything i'm lady :)",Uploads/HomePics/2404210.jpg?rand=0.446269,"March 10, 2022",blackoffee,English,French,2404210
(other),Other,hi.. my name is Moumen i love drawing cooking and reading books i wanna exchange languages â€‹â€‹and become friends,images/Face.gif,"March 9, 2022",moumen,"Arabic, other",English,4331197
(ancona),Other,"hello everyone, I speack italian and I will met someone who help me to practise english and to chat",Uploads/HomePics/4153360.jpg?rand=0.3323166,"March 9, 2022",Federico,Italian,English,4153360
(MALAITA),Other,"Hi,my name is Mary,am a Solomon Islander,born on 10 december 1987.My would like to learn spanish language.I love planting flowers and vegetable gardens.",images/Face.gif,"March 8, 2022",Tota Mary,Tok Pisin,Spanish,4288545
(Random),Other,"I like to animals, and books.",images/Face.gif,"March 8, 2022",Odalton24,- Other -,- Other -,4331120
(Ğ”ÑƒĞ±Ğ»Ğ¸Ğ½),Other,"My name is Oleg. I live in Ireland, in the city of Dublin. I want to improve my English. As polite and friendly as possible",images/Face.gif,"March 8, 2022",ĞĞ»ĞµĞ³,Russian,English,4330977
(Aruba),Other,Abrir conocimientos,images/Face.gif,"March 7, 2022",Fabian,Spanish,English,4330859
(Tehran),Other,Ù…Ù† Ù…ÛŒØ®ÙˆØ§Ù‡Ù… Ø§ÛŒÙ„ØªØ³ Ø¨Ú¯ÛŒØ±Ù… ÙˆØ´Ø±Ø§ÛŒØ· Ù…Ø§Ù„ÛŒ Ø¨Ø±Ø§ÛŒ Ø«Ø¨Øª Ù†Ø§Ù… Ø¯Ø± Ú©Ù„Ø§Ø³ Ù‡Ø§ÛŒ Ø²Ø¨Ø§Ù† Ø±Ø§Ù†Ø¯Ø§Ø±Ù… Ø§Ø²Ø§ÛŒÙ† Ù…ÛŒØ®ÙˆØ§Ù‡Ù… Ø¯Ø± Ø§ÛŒÙ†Ø¬Ø§ Ø´Ø±Ú©Øª Ú©Ù†Ù…,images/Face.gif,"March 5, 2022",Havva,"Persian (Farsi, Dari)",English,4330320
(secret),Other,"Hello, everyone! I like learning foreign languages and would love to practice Chinese. I",images/Face.gif,"March 4, 2022",Lucia,Russian,"Chinese, Mandarin,Chinese, Mandarin,Portuguese,Italian",4300069
(Other),Other,,images/Face.gif,"March 3, 2022",Conor,English,"Russian,German,Persian (Farsi, Dari),Chinese, Mandarin",4329901
(BJ),Other,"Hi, I speak Chinese mandarin, and Iâ€™m learning French. I like animation, drawing...",images/Face.gif,"March 2, 2022",Yifan,"Chinese, Mandarin",French,4329742
(ĞœĞ¾ÑĞºĞ²Ğ°),Other,ĞŸĞ¾Ğ¾Ğ±Ñ‰Ğ°Ñ‚ÑŒÑÑ,images/Face.gif,"March 2, 2022",Ğ¡ĞµÑ€Ğ³ĞµĞ¹,Russian,- Other -,4329569
(ĞšĞ¸ĞµĞ²),Other,Ğ¥Ğ¾Ñ‡Ñƒ Ğ²Ñ‹ÑƒÑ‡Ğ¸Ñ‚ÑŒ Ğ°Ğ½Ğ³Ğ»Ğ¸Ğ¹ÑĞºĞ¸Ğ¹,images/Face.gif,"March 1, 2022",Ğ¢Ğ°Ğ½Ñ,Russian,- Other -,4325541
(niles),Other,Hi! Im Chloe and Im hoping to get better at Korean. I can try my best to help with English :>,images/Face.gif,"February 27, 2022",Chloe,English,Korean,4329033
(oran),Other,hello my name is zaki and i would to learn germain and perfect my english i can help you for french or arabic thank you.,images/Face.gif,"February 27, 2022",zaki,"Arabic, other",German,4215732
(Madinah),Other,I want to learn English,images/Face.gif,"February 26, 2022",Shaya,"Arabic, other",English,4328713
(shanghai),Other,I like to read and watch the news,images/Face.gif,"February 26, 2022",lin,English,- Other -,4328706
(Baltimore),Other,I like tik tok and to have fun,Uploads/HomePics/4328421.png?rand=0.880366,"February 25, 2022",Jayda,- Other -,- Other -,4328421
(MU),Other,learning english,Uploads/HomePics/4328239.jpg?rand=0.9764979,"February 24, 2022",Max,- Other -,English,4328239
(ĞœĞ¾ÑĞºĞ²Ğ°),Other,"ĞœĞ°ĞºÑĞ¸Ğ¼, Ñ…Ğ¾Ñ‡Ñƒ Ğ¿Ğ¾Ğ¿Ñ€Ğ°ĞºÑ‚Ğ¸ĞºĞ¾Ğ²Ğ°Ñ‚ÑŒ Ğ°Ğ½Ğ³Ğ»Ğ¸Ğ¹ÑĞºĞ¸Ğ¹ ÑĞ·Ñ‹Ğº. Ğ—Ğ½Ğ°Ñ ĞµĞ³Ğ¾ Ğ¿Ğ»Ğ¾Ñ…Ğ¾",images/Face.gif,"February 23, 2022",ĞœĞ°ĞºÑĞ¸Ğ¼,Russian,English,4328099
(San Antonio),Other,ç§ã¯ç¬¬äºŒè¨€èªã‚’å­¦ã³ã¾ã—ãŸãŒã€ãã‚Œã¯æ—¥æœ¬èªã§ã¯ã‚ã‚Šã¾ã›ã‚“ã§ã—ãŸã€‚ ä»Šã€ç§ã¯ãã‚ŒãŒã‚ã£ãŸã‚‰ã„ã„ã®ã«ã¨æ€ã„ã¾ã™ã€‚ æ—¥æœ¬èªã ã£ãŸã‚‰ä½¿ã£ã¦ã„ãŸã ã‚ã†æ°—ãŒã—ã¾ã™ã€‚,images/Face.gif,"February 23, 2022",S.,English,Japanese,4328001
(verio),Other,hi im new,images/Face.gif,"February 22, 2022",lexa,- Other -,- Other -,4327713
(Tomball),Other,I love learning about other languages and cultures but Hawaiian is my favorite,images/Face.gif,"February 21, 2022",Danny,English,Hawaiian,4327606
(Ğ¼Ğ°Ğ¹ÑĞºĞ¸Ğ¹),Other,"Ğ¼ĞµĞ½Ñ Ğ·Ğ¾Ğ²ÑƒÑ‚ Ğ ÑƒĞ·Ğ°Ğ½Ğ½Ğ°, Ğ¼Ğ½Ğµ 13. Ğ¯ Ğ»ÑĞ±Ğ»Ñ Ğ°Ğ½Ğ³Ğ»Ğ¸Ğ¹ÑĞºĞ¸Ğ¹ Ğ¸ Ñ…Ğ¾Ñ‡Ñƒ Ğ¿Ğ¾ÑÑ‚ÑƒĞ¿Ğ¸Ñ‚ÑŒ Ğ² ĞšĞ°Ğ»Ğ¸Ñ„Ğ¾Ñ€Ğ½Ğ¸Ğ¸. Ğ¯ ÑÑ‚Ñ€ĞµĞ¼Ğ»ÑÑÑŒ Ğº ÑĞ²Ğ¾ĞµĞ¹ Ñ†ĞµĞ»Ğ¸, Ğ½Ğ¾ Ğ½Ğµ Ğ¼Ğ¾Ğ³Ñƒ Ğ¿Ğ¾Ğ±Ğ¾Ñ€Ğ¾Ñ‚ÑŒ ÑĞ·Ñ‹ĞºĞ¾Ğ²Ğ¾Ğ¹ Ğ±Ğ°Ñ€ÑŒĞµÑ€.",images/Face.gif,"February 21, 2022",Ruzanna,Russian,- Other -,4327585
(Don),Other,Ğ¥Ğ¾Ñ‡Ñƒ Ğ¿Ñ€Ğ¾ÑÑ‚Ğ¾ Ğ¿Ğ¾Ğ±ĞµÑĞµĞ´Ğ¾Ğ²Ğ°Ñ‚ÑŒ Ğ¸ ÑƒĞ»ÑƒÑ‡ÑˆĞ¸Ñ‚ÑŒ ÑĞ²Ğ¾Ñ Ğ¸Ğ»Ğ¸ Ñ‡ÑƒĞ¶ÑƒÑ Ğ³Ñ€Ğ°Ğ¼Ğ¼Ğ°Ñ‚Ğ¸ĞºÑƒ.,images/Face.gif,"February 20, 2022",Good,Russian,English,4327299
(Leeds),Other,My name is Natalia. I would like to learn Spanish.,images/Face.gif,"February 19, 2022",Natalia,English,Spanish,4327150
(igigi),Other,.,images/Face.gif,"February 19, 2022",o,"- Other -,- Other -,- Other -,- Other -","- Other -,- Other -,- Other -",2656516
(...),Other,"Hello,I am Noor Shegefta. my name is Noor:) Noor means 'the light'...â˜€ï¸ğŸ”¥ğŸ’¥ğŸ’« I am a persian. I want to learn English, so if you teach me, I will teach you Persian too. I love ducks!ğŸ¦† Find me to learn new languages â€‹â€‹together. I am not a gold member but I have Instagram and Telegram, Thank you!",Uploads/HomePics/4306338.jpg?rand=0.4212563,"February 19, 2022",Noor,"Persian (Farsi, Dari)",English,4306338
(Tel Aviv),Other,"hi, i'm a student in italian language. i'd like to improve my italian language can teach Hebrew or English. ciao. sono studente di italiano lingua voglio migliorare mio l'italiano. poso inseniare Ebraico o L'inglese",images/Face.gif,"February 18, 2022",urik,English,Italian,4326614
(Ğ“Ñ€Ğ¾Ğ·Ğ½Ñ‹Ğ¹),Other,"Ğ˜Ğ·ÑƒÑ‡Ğ°Ñ Ğ°Ñ€Ğ°Ğ±ÑĞºĞ¸Ğ¹ ÑĞ·Ñ‹Ğº, Ğ¿Ğ¾ÑÑ‚Ğ¾Ğ¼Ñƒ Ñ…Ğ¾Ñ‡Ñƒ Ğ¿Ñ€Ğ°ĞºÑ‚Ğ¸ĞºĞ¾Ğ²Ğ°Ñ‚ÑŒÑÑ Ñ Ğ½Ğ¾ÑĞ¸Ñ‚ĞµĞ»ĞµĞ¼ ÑÑ‚Ğ¾Ğ³Ğ¾ Ğ±Ğ¾Ğ³Ğ°Ñ‚Ğ¾Ğ³Ğ¾ ÑĞ·Ñ‹ĞºĞ° Ğ¸ Ğ² Ğ´Ğ°Ğ»ÑŒĞ½ĞµĞ¹ÑˆĞµĞ¼ Ğ¿Ğ¾ÑĞµÑ‚Ğ¸Ñ‚ÑŒ Ğ°Ñ€Ğ°Ğ±ÑĞºÑƒÑ ÑÑ‚Ñ€Ğ°Ğ½Ñƒ, Ñ‡Ñ‚Ğ¾ Ğ±Ñ‹ Ğ·Ğ°ĞºÑ€ĞµĞ¿Ğ¸Ñ‚ÑŒ Ğ¿Ğ¾Ğ»ÑƒÑ‡ĞµĞ½Ğ½Ñ‹Ğµ Ğ·Ğ½Ğ°Ğ½Ğ¸Ñ )",images/Face.gif,"February 17, 2022",AbuAliya,Russian,"Arabic, Middle Eastern",4326664
(Prefer not say),Other,"Heyy! I'm from morocco. I can talk english, French, Arabic and i'm learning Korean and Japanese. Contact me on Instagram my username is . I'm searching friends from there ! And maybe a lover? Not a gold member",Uploads/HomePics/4326559.jpg?rand=0.1618103,"February 17, 2022",Israa,"English,Arabic, other,French","Korean,Japanese",4326559
(Melun),Other,Am here to learn French,images/Face.gif,"February 17, 2022",Chemey,Tibetan,French,4296612
(Iran.mashhad),Other,Ø¹Ù„ÛŒØ±Ø¶Ø§ Û²Û± Ø³Ø§Ù„Ù‡ Ù‡Ø³ØªÙ… Ø¨Ù‡ Ø¯Ù„ÛŒÙ„ Ø¹Ù„Ø§Ù‚Ù‡ Ø²ÛŒØ§Ø¯ Ø¨Ù‡ ÙØ±Ø§Ù†Ø³Ù‡,images/Face.gif,"February 16, 2022",Alireza,"Persian (Farsi, Dari)",French,4326450
not provided,Other,q,images/Face.gif,"February 16, 2022",q,Xhosa,Bavarian (Austro-Bavarian),3891859
(Provo),Other,"Some things that I enjoy doing are playing the piano, making songs, Ice skating, and learning new things. I am currently trying to learn sign language,and Korean. I hope to visit South Korea one day.",images/Face.gif,"February 15, 2022",Ami,English,Korean,4326213
(Sharjah),Other,"Hi, I am Jeanne. I'm a native speaker of Spanish. I also have native-like proficiency in French. I would like to learn Emirati Arabic.",images/Face.gif,"February 14, 2022",Jeanne,Spanish,"Arabic, Middle Eastern",4324261
(Bohicon),Other,Bonjour,images/Face.gif,"February 14, 2022",Euloge,"Fon (Dahomeen, Djedji, Fongbe)",English,4325784
(Neverland),Other,hi.im setayesh and I'm 18. I'm looking forward in making friends in other countries. We can talk about any subjects just contact me!,images/Face.gif,"February 13, 2022",Seta,"English,Persian (Farsi, Dari)","English,German",4240471
(Izmir),Other,I want to improve my English. Can you help me?,images/Face.gif,"February 13, 2022",Benetea,- Other -,English,4325641
(Dubai),Other,"Dear friend I am rasl , I have been to Japan, as well many more countries, but I prefer my remaining life to spend in Japan for entire nation",images/Face.gif,"February 13, 2022",Raslan,English,Japanese,4325507
(ĞĞ¾Ğ²Ğ¾ÑĞ¸Ğ±Ğ¸Ñ€ÑĞº),Other,"Hi, I'm Kathi and I'm from Russia. I wanna practice my English and find friends.",images/Face.gif,"February 13, 2022",Kathi,Russian,"English,German",4325613
(Teh),Other,For immigration,images/Face.gif,"February 13, 2022",Mary,- Other -,English,4325575
(Blue city),Other,I'm preparing for IELTS. I like to have speaking practice,images/Face.gif,"February 12, 2022",Arya,Wolof,English,4325362
(Baku),Other,I am lawyer.I want to learn russian,images/Face.gif,"February 12, 2022",Rizvan,Turkish,Russian,4325032
(Ğ“ÑƒĞ±ĞºĞ¸Ğ½),Other,"ĞœĞµĞ½Ñ Ğ·Ğ¾Ğ²ÑƒÑ‚ Ğ•ĞºĞ°Ñ‚ĞµÑ€Ğ¸Ğ½Ğ°. ĞœĞ½Ğµ 37 Ğ»ĞµÑ‚. ĞÑ‡ĞµĞ½ÑŒ Ğ»ÑĞ±Ğ»Ñ Ñ„Ñ€Ğ°Ğ½Ñ†ÑƒĞ·ÑĞºĞ¸Ğ¹ ÑĞ·Ñ‹Ğº. Ğ˜Ğ½Ñ‚ĞµÑ€ĞµÑÑƒÑÑÑŒ Ğ¸ÑÑ‚Ğ¾Ñ€Ğ¸ĞµĞ¹, Ñ‚Ñ€Ğ°Ğ´Ğ¸Ñ†Ğ¸ÑĞ¼Ğ¸ Ğ¤Ñ€Ğ°Ğ½Ñ†Ğ¸Ğ¸. ĞœĞµÑ‡Ñ‚Ğ°Ñ Ğ¿Ğ¾ÑĞµÑ‚Ğ¸Ñ‚ÑŒ ÑÑ‚Ñƒ Ğ¿Ñ€ĞµĞºÑ€Ğ°ÑĞ½ÑƒÑ ÑÑ‚Ñ€Ğ°Ğ½Ñƒ. Ğ¯ Ğ¿Ñ€ĞµĞ¿Ğ¾Ğ´Ğ°Ğ²Ğ°Ñ‚ĞµĞ»ÑŒ Ñ€ÑƒÑÑĞºĞ¾Ğ³Ğ¾ ÑĞ·Ñ‹ĞºĞ° Ğ´Ğ»Ñ Ğ¸Ğ½Ğ¾ÑÑ‚Ñ€Ğ°Ğ½Ñ†ĞµĞ². Ğ¡ ÑƒĞ´Ğ¾Ğ²Ğ¾Ğ»ÑŒÑÑ‚Ğ²Ğ¸ĞµĞ¼ Ğ¿Ğ¾Ğ¼Ğ¾Ğ³Ñƒ Ğ² Ğ¸Ğ·ÑƒÑ‡ĞµĞ½Ğ¸Ğ¸ Ñ€ÑƒÑÑĞºĞ¾Ğ³Ğ¾ ÑĞ·Ñ‹ĞºĞ°.",images/Face.gif,"February 12, 2022",Chaterina,Russian,French,4325259
(Baku),Other,I am interested in laws and customs of all countries,images/Face.gif,"February 11, 2022",Orxan,Turkish,Russian,4325030
(Leicestershire),Other,"I want to practice my Spanish conversational skills and improve my use of grammar and tenses. I love drawing, writing, piano and sport!",images/Face.gif,"February 8, 2022",Louisa,English,Spanish,4324333
(N/a),Other,Bnbbbbahss,images/Face.gif,"February 7, 2022",Lll,- Other -,- Other -,4324033
(Tehran),Other,I am an Italian student at the university.,images/Face.gif,"February 7, 2022",FatemÃ¨,"Persian (Farsi, Dari)","Italian,Hebrew",4323966
(Tg),Other,I looking for someone to speak in English to practice,Uploads/HomePics/3764010.jpg?rand=0.8644494,"February 6, 2022",Asa,Polish,English,3764010
(Kashmir),Other,I am looking forward to learn Arabic.,images/Face.gif,"February 5, 2022",M,English,"Arabic, Middle Eastern",4304209
(England),Other,I just want someone that can help me buy some Xanax and have them sent to the uk,images/Face.gif,"February 4, 2022",Morrrisss,English,English,4323447
(denver),Other,HI,Uploads/HomePics/4322608.png?rand=0.4478775,"February 4, 2022",boston,English,English,4322608
(webster),Other,idk what to wright so hello my name is caylynn.,images/Face.gif,"February 4, 2022",Caylynn,- Other -,- Other -,4323381
(Other),Other,"Hallo Leute, I am a native English speaker seeking someone to practice Deutsch. In exchange, I am more than happy to teach English. Should this be of interest, please feel free to get in touch. Mit Freundlichen GrÃ¼ÃŸen. Ali.",Uploads/HomePics/4318771.png?rand=0.7762218,"February 4, 2022",Ali,English,German,4318771
(Kosovo),Other,"Hello, i want to continue my studies in germany so im looking to practice my german skills. I love to cook and food in general, taylor swift and human psychology, i could always speak about these for hours.",Uploads/HomePics/4323337.jpg?rand=0.7614953,"February 4, 2022",Nesa,Albanian,German,4323337
(other),Other,"hello,you send me message.i'm interested in learning english , maybe other language...,i am looking for someone to help me learn and practice the english language , we will exchange languages learning you can add me if i sent you message . You can communicate via Whatsapp.i know and speak classical arabic ( fus-ha - Ø§Ù„ÙØµØ­Ù‰ ) very well, because it is my native language :), and i will also i ca...",images/Face.gif,"February 3, 2022",marhaban,"Arabic, Middle Eastern,Arabic, other,Arabic, Moroccan,Arabic, Egyptian","English,- Other -",3610652
(Jeddah),Other,"Ù…Ø±Ø­Ø¨Ù‹Ø§ Ø¨ÙƒÙ… Ø£Ù†Ø§ Ù…Ù‡ØªÙ…Ø© Ø¨ØªØ¹Ù„Ù… Ø§Ù„Ù„ØºØ§Øª ØŒ Ø£ØªÙ‚Ù† Ø§Ù„Ù„ØºØ© Ø§Ù„Ø¹Ø±Ø¨ÙŠØ© Ùˆ Ø£ØªØ­Ø¯Ø« Ø«Ù„Ø§Ø« Ù„ØºØ§Øª Ø£Ø®Ø±Ù‰ . Ø£ØªÙ…Ù†Ù‰ Ø£Ù† Ø£ØªØ¹Ù„Ù… Ø§Ù„Ù…Ø²ÙŠØ¯ Ù…Ù† Ø§Ù„Ù„ØºØ§Øª ØŒ ÙˆØ¨Ø§Ù„ØªØ£ÙƒÙŠØ¯ ÙŠØ³Ø¹Ø¯Ù†ÙŠ Ø£Ù† ØªØªØ¨Ø§Ø¯Ù„ÙˆØ§ Ø§Ù„Ù„ØºØ§Øª Ù…Ø¹ÙŠ ØŒ ÙƒÙ…Ø§ ÙŠØ³Ø±Ù†ÙŠ Ù…Ø³Ø§Ø¹Ø¯ØªÙƒÙ… ÙÙŠ ØªØ¹Ù„Ù… Ø§Ù„Ù„ØºØ© Ø§Ù„Ø¹Ø±Ø¨ÙŠØ© Ø¨Ø³Ù‡ÙˆÙ„Ø© ÙˆÙŠØ³Ø± .. If you are looking for learning and practicing Arabic please feel free to contact me, I am learning Spanish, French. I do speak English and other 2 languages",images/Face.gif,"February 3, 2022",Foz,"Arabic, Middle Eastern","Spanish,English,French,Chinese, Mandarin",4225564
(Nowhere),Other,I wanna improve my English skills. I'm prepare for IELTS exam. I like to find friends and speak about every thing.,images/Face.gif,"February 3, 2022",ha,Azerbaijani,English,4250025
(Everywhere),Other,"Hi, I speak English and Persian and also can speak Swedish but I would like to improve that. I am also interested in Italian and am a beginner. So it would be great if you could help me with any of these two. (not a gold member at the moment.)",Uploads/HomePics/2648932.png?rand=0.8161269,"February 1, 2022",Dori,"English,Persian (Farsi, Dari)","Swedish,Swedish,Italian",2648932
not provided,Other,"Hello,I'm a teacher a teach English. It isn't my mother tongue though .I have to practice a lot . I also started to introduce myself to France language.",images/Face.gif,"February 1, 2022",Jewel,"Arabic, Middle Eastern",English,4322212
(Hamburgo),Other,"Mi nombre es Zoila Fernandez Ramirez,tengo 31 aÃ±os ,hablo espaÃ±ol vine a Alemania a estudiar el idioma estoy finalizando el A1, quisiera practicarlo y tambiÃ©n hacer amistades .Si deseas aprender el EspaÃ±ol podrÃ­amos ayudarnos ,puedes Agregarme al Fb.",Uploads/HomePics/4317814.jpg?rand=0.8868511,"February 1, 2022",Zoila,Spanish,German,4317814
(DAMMAM),Other,..,images/Face.gif,"February 1, 2022",Haythm,"Arabic, other",English,4322523
(Other),Other,Hi you can call me Mel.I would like to learn and able to speak as many language as i can (currently target language is Spanish)Apparently Spanish is relatively easier to learn than other languages since they share more words to english and it's more interesting! I like to make new and just have casual talk ^^.,images/Face.gif,"February 1, 2022",Mel,English,Spanish,4322509
not provided,Other,.,images/Face.gif,"January 30, 2022",.,Spanish,English,4229547
not provided,Other,e,images/Face.gif,"January 29, 2022",e,- Other -,- Other -,4321915
(Other),Other,Hi! I'd love to talk with someone and hope to become fluent in Korean. My current skills in the language are very limited >~< I hope you can bear with me and we can learn together!,images/Face.gif,"January 29, 2022",Kylie,English,Korean,4321553
(test),Other,test,images/Face.gif,"January 29, 2022",test,- Other -,- Other -,4321837
(San Francisco),Other,"I like people and traveling. I wish that I can learn many languages and talk with everybody with his/her language. I like to be fun. Our life is taking from our time period. We need to enjoy it. I especially like surfing the net, watching movies/TV series, chatting and listening to music in my free time. For open-minded people only. Thanks! :)",images/Face.gif,"January 28, 2022",Matt,"English,Spanish,- Other -","Chinese, Mandarin,Japanese",3862641
(N_A),Other,"Hello, I'm 28, looking to learn and meet you all.",images/Face.gif,"January 27, 2022",Andre,French,Hungarian,4321471
(Concord),Other,I am a male I am young,Uploads/HomePics/4294304.png?rand=0.5040395,"January 27, 2022",Xen,English,Japanese,4294304
(Ø§Ù„Ù‚Ø§Ù‡Ø±Ù‡),Other,Ø§Ø­Ø¨ ØªØ¹Ù„Ù… Ø§Ù„Ø«Ù‚Ø§ÙØ§Øª Ø§Ù„Ù…Ø®ØªÙ„ÙØ©,images/Face.gif,"January 27, 2022",Hanan,"Arabic, Egyptian","Arabic, Egyptian",4321404
(Hudsonville),Other,I love Korea!,Uploads/HomePics/4321232.jpg?rand=0.3438196,"January 26, 2022",Jamie,English,Korean,4321232
(Other),Other,We already visited Maldives but I don't know dhivei language so that,images/Face.gif,"January 26, 2022",Jas,English,Maldivian (Dhivehi),4321062
(America),Other,"HI im 15, I wanna be more fluent in french. I like baking, reading, writing, ngl some anime too and animals are cute so yeah.",images/Face.gif,"January 25, 2022",Adelaide,English,French,4321024
(saudi arabia),Other,..ğŸ¶â³,images/Face.gif,"January 25, 2022",r67.,"Arabic, other","Arabic, other",4321012
(Ulaanbaatar),Other,Hi ! My name is Suen. Iâ€™m looking for a korean lang partner to improve my reading and typing.,images/Face.gif,"January 25, 2022",Suen,"English,Mongolian",Korean,4320913
(Raduzhnyy),Other,"Hey! I'm Alice. I study linguistics, like playing music (but don't like practicing) and reading. Absolutely in love with cooking and will share some recipies if you ask. Will be really happy to learn new phrases in any language (funny idioms especially). I'm eager to make new friends and help you with improving your Russian.",images/Face.gif,"January 25, 2022",Alisa,Russian,"English,German",4320342
(Ğ¢Ğ°Ñ€Ğ°Ğ·),Other,"ĞœĞµĞ½Ñ Ğ·Ğ¾Ğ²ÑƒÑ‚ Ğ”Ğ°ÑÑ‚Ğ°Ğ½ Ğ¼Ğ½Ğµ 16 Ğ»ĞµÑ‚ Ğ¸ Ñ ÑƒÑ‡Ñƒ Ğ¢ÑƒÑ€ĞµÑ†ĞºĞ¸Ğ¹ ÑĞ·Ñ‹Ğº, Ğ²Ğ»Ğ°Ğ´ĞµÑ Ğ ÑƒÑÑĞºĞ¸Ğ¼ ÑĞ·Ñ‹ĞºĞ¾Ğ¼ Ğ¸Ñ‰Ñƒ ÑĞ¾Ğ±ĞµÑĞµĞ´Ğ½Ğ¸ĞºĞ° ĞºĞ¾Ñ‚Ğ¾Ñ€Ñ‹Ğ¹ Ğ²Ğ»Ğ°Ğ´ĞµĞµÑ‚ Ğ¢ÑƒÑ€ĞµÑ†ĞºĞ¸Ğ¼ ÑĞ·Ñ‹ĞºĞ¾Ğ¼ Ñ‡Ñ‚Ğ¾Ğ±Ñ‹ Ğ¿Ñ€Ğ°ĞºÑ‚Ğ¸ĞºĞ¾Ğ²Ğ°Ñ‚ÑŒ",images/Face.gif,"January 25, 2022",Dastan,Russian,Turkish,4320869
(City),Other,I'm in search for language exchange partners to practice my Russian on daily basis.If you need to practice your English you're welcome,Uploads/HomePics/4313089.jpg?rand=0.6998457,"January 24, 2022",Titan,"English,Romanian",Russian,4313089
not provided,Other,Â·,images/Face.gif,"January 24, 2022",Â·,English,Korean,4236967
(blabla land),Other,Nah too lazy for this shit,images/Face.gif,"January 23, 2022",Ria,English,Sindhi,4320445
(Ä°stanbul),Other,"Hello there! Merhaba! My name is Eda. I'm from Turkey. I want to learn English. I expect you to help me. In return, I will teach you Turkish. Let's chat :)",images/Face.gif,"January 23, 2022",Eda,Turkish,English,4313376
(Florida),Other,Personal,images/Face.gif,"January 22, 2022",Dave,English,"- Other -,- Other -,- Other -",4320269
(Isle of Man),Other,"I'm just starting out learning German and would love someone to practice on, whether that's with the odd email, sharing resources, chatting via skype or in person. I've taught English language and literature for many years to native and non-native speakers so can help with your English in return and I speak a little French too having lived and worked there.",images/Face.gif,"January 22, 2022",Craig,English,German,2522050
(Los angeles),Other,Learn korean,images/Face.gif,"January 22, 2022",Lili,"Turkish,English",Korean,4320158
(GuinÃ©e),Other,"Hello, Bonjour, Je me nomme Abdallah, homme jovial de nationalitÃ© guinÃ©enne et j'ai une grande passion pour les langues, le sport et la dÃ©couverte. Je souhaite apprendre l'Arabe, l'Espagnol et pourquoi pas une autre langue. Donc je cherche des correspondant(e)s de toute nationalitÃ© pour m'aider via skype. I'm Abdallah, a jovial man from Guinea Republic and I'm ...",images/Face.gif,"January 22, 2022",Abdallah,"Pulaar,English,French","Arabic, other,Spanish",3506925
(Other),Other,.,images/Face.gif,"January 22, 2022",Armie,Filipino (Tagalog),Japanese,2361005
(11),Other,I study English because it gives me chance to develop as this is my only stength,images/Face.gif,"January 21, 2022",TrÆ°Æ¡ng,- Other -,English,4319831
(Roseau),Other,"I just love the German language,i need to learn it because in need on my job. In my line of work(customs officer) i interact with alot of Germans.",images/Face.gif,"January 18, 2022",Royston,English,German,4319189
not provided,Other,"ĞŸÑ€Ğ¸Ğ²ĞµÑ‚Ğ¸Ğº, Ğ¸Ñ‰Ñƒ Ñ…Ğ¾Ñ€Ğ¾ÑˆĞµĞ³Ğ¾ Ğ´Ñ€ÑƒĞ³Ğ°, Ğ¸Ğ½Ğ¾ÑÑ‚Ñ€Ğ°Ğ½Ñ†Ğ°, Ñ‚Ğ°ĞºĞ¶Ğµ Ñ…Ğ¾Ñ‡Ñƒ Ğ²Ñ‹ÑƒÑ‡Ğ¸Ñ‚ÑŒ Ğ°Ğ½Ğ³Ğ»Ğ¸Ğ¹ÑĞºĞ¸Ğ¹ âœ¨",images/Face.gif,"January 18, 2022",Polinka,English,English,4319187
(Texas),Other,I like to play video games and play baseball,images/Face.gif,"January 18, 2022",Shep,English,German,4319136
(Other),Other,"Naser, 22",images/Face.gif,"January 17, 2022",Naser,"Arabic, Middle Eastern",English,4317249
(å·´æ ¼è¾¾),Other,If you are interested in Chinese talk to me!,images/Face.gif,"January 16, 2022",å¤§ç‹,"Arabic, Middle Eastern","Chinese, Mandarin",4318824
(yokohama),Other,ç§ã¯ã„ã¾æ—¥æœ¬ã§åƒã„ã¦ã„ã¾ã™ã€‚ãŸãã•ã‚“å‹é”ã‚’ä½œã‚ŠãŸã„ã§ã™ã€‚ã‚ˆã‚ã—ããŠé¡˜ã„ã„ãŸã—ã¾ã™ã€‚,Uploads/HomePics/4318663.jpg?rand=0.6242447,"January 16, 2022",pham,- Other -,Japanese,4318663
(North america),Other,"Hi, i'm learing korean and I need someone to practice with lol :)",Uploads/HomePics/4318304.jpg?rand=0.3567085,"January 14, 2022",Felicia,English,Korean,4318304
(Lviv),Other,Ğ¥Ğ¾Ñ‡Ñƒ Ğ·Ğ½Ğ°Ğ¹Ñ‚Ğ¸ Ğ´Ñ€ÑƒĞ³Ğ° Ğ· ÑĞºĞ¸Ğ¼ Ğ¼Ğ¾Ğ¶Ñƒ Ğ²Ğ´Ğ¾ÑĞºĞ¾Ğ½Ğ°Ğ»ÑĞ²Ğ°Ñ‚Ğ¸ Ğ°Ğ½Ğ³Ğ»Ñ–Ğ¹ÑÑŒĞºÑƒ Ğ¼Ğ¾Ğ²Ñƒ),images/Face.gif,"January 13, 2022",Vlada,Ukrainian,English,4318087
(Ä°dtanbul),Other,"Merhaba inglizcede konuÅŸma pratiÄŸi yapmak konuÅŸma ve dinlemeyi geliÅŸtirmek istiyorum. Hello, I want to practice speaking English and improve speaking and listening.",images/Face.gif,"January 13, 2022",Hatice,Turkish,English,4317823
(Viá»‡t Nam),Other,Xin chÃ o. TÃ´i lÃ  ngÆ°á»i Viá»‡t Nam. TÃ´i muá»‘n tÃ¬m má»™t ngÆ°á»i báº¡n cÃ¹ng tÃ´i trao Ä‘á»•i ngÃ´n ngá»¯ vá»›i nhau tÃ´i cáº§n cáº£i thiá»‡n tiáº¿ng anh vÃ  tÃ´i sáº½ giÃºp báº¡n cáº£i thiá»‡n tiáº¿ng Viá»‡t.,Uploads/HomePics/4317647.jpg?rand=5.099505E-02,"January 13, 2022",HÆ¯Æ NG,Vietnamese,English,4317647
(other),Other,"Hello .. I am an Arab, I want to improve my English and iâ€™m interested in Korean language and culture , I hope meet people who interested to exchange language .. thank you",images/Face.gif,"January 12, 2022",Najla,"Arabic, other",English,4047555
(City),Other,I hope the message is meaningful so that I can reply to it I can reply faster on,Uploads/HomePics/4313062.jpg?rand=0.9058186,"January 12, 2022",So.bin,"Arabic, other,English","Korean,English",4313062
(Esfahan),Other,Im ana im from iran and i love leaning english so l follow a person for speak 274with me for improve my language,images/Face.gif,"January 11, 2022",Ana,"Persian (Farsi, Dari)",English,4317552
(Ä°zmir),Other,Amerika da Ã§alÄ±ÅŸmak Ã¼zere gerekli sÄ±navlarÄ± geÃ§ebilmek iÃ§in Ä°ngilizce Ã¶ÄŸrenmek istiyorum.,images/Face.gif,"January 10, 2022",GÃ¼lnur,Turkish,English,4317205
(City),Other,Hello,Uploads/HomePics/4316619.jpg?rand=0.8265012,"January 8, 2022",Alex,English,German,4316619
not provided,Other,H,images/Face.gif,"January 8, 2022",L,Afrikaans,Akan,4316564
(DiyarbakÄ±r),Other,Ez dixwazim zimanÃª xwe yÃª zikmakÃ® bizanim.,images/Face.gif,"January 8, 2022",Gamze,Turkish,"English,Kurdish",4312584
(ĞĞ¾Ğ²Ğ¾ÑĞ¸Ğ±Ğ¸Ñ€ÑĞº),Other,"ĞŸÑ€Ğ¸Ğ²ĞµÑ‚! Ğ¯-Ğ¡Ğ²ĞµÑ‚Ğ°. Ğ£Ñ‡Ñƒ Ğ°Ğ½Ğ³Ğ»Ğ¸Ğ¹ÑĞºĞ¸Ğ¹, Ğ¼ĞµÑ‡Ñ‚Ğ°Ñ Ñ…Ğ¾Ñ€Ğ¾ÑˆĞ¾ Ğ½Ğ° Ğ½ĞµĞ¼ Ğ·Ğ°Ğ³Ğ¾Ğ²Ğ¾Ñ€Ğ¸Ñ‚ÑŒ, Ğ½Ğ°Ğ²ĞµÑ€Ğ½Ğ¾ Ğ³Ğ¾Ğ²Ğ¾Ñ€Ğ¸Ñ‚ÑŒ ÑĞ²ÑĞ·Ğ½Ñ‹Ğµ Ğ¿Ñ€ĞµĞ´Ğ»Ğ¾Ğ¶ĞµĞ½Ğ¸Ñ Ñƒ Ğ¼ĞµĞ½Ñ Ğ½Ğµ Ğ¾Ñ‡ĞµĞ½ÑŒ Ğ¿Ğ¾Ğ»ÑƒÑ‡Ğ¸Ñ‚ÑŒÑÑ, Ğ½Ğ¾ Ñ ÑÑ‚Ğ°Ñ€Ğ°ÑÑÑŒ. Ğ›ÑĞ±Ğ»Ñ Ğ¼ÑƒĞ·Ñ‹ĞºÑƒ (ÑÑ‚Ğ°Ñ€ÑƒÑ Ğ¸ ÑĞ¾Ğ²Ñ€ĞµĞ¼ĞµĞ½Ğ½ÑƒÑ), Ğ½Ğ°Ğ²ĞµÑ€Ğ½Ğ¾Ğµ, Ğ¶Ğ°Ğ½Ñ€-Ñ€Ğ¾Ğº (ĞµÑÑ‚ĞµÑÑ‚Ğ²ĞµĞ½Ğ½Ğ¾ Ğ½Ğµ Ñ‚Ğ¾Ğ»ÑŒĞºĞ¾ Ğ¾Ğ½, Ğ½Ğ¾ Ğ² Ğ¾ÑĞ½Ğ¾Ğ²Ğ½Ğ¾Ğ¼), Ğ»ÑĞ±Ğ¸Ğ¼Ğ°Ñ Ğ³Ñ€ÑƒĞ¿Ğ¿Ğ° Queen. Ğ¡Ğ°Ğ¼Ğ° ÑƒĞ¼ĞµÑ Ğ¸Ğ³Ñ€Ğ°Ñ‚ÑŒ Ğ½Ğ° Ğ³Ğ¸Ñ‚Ğ°Ñ€Ğµ, Ğ¸Ğ½Ğ¾Ğ³Ğ´Ğ° Ñ€Ğ¸ÑÑƒÑ (Ğ´Ğ»Ñ Ğ¼ĞµĞ½Ñ Ğ¾Ñ‡ĞµĞ½ÑŒ Ğ¿Ğ»Ğ¾Ñ…Ğ¾, Ğ½Ğ¾ Ğ´Ñ€ÑƒĞ³Ğ¸Ğ¼ Ğ²Ñ€Ğ¾Ğ´Ğµ Ğ½Ñ€Ğ°Ğ²Ğ¸Ñ‚ÑŒÑÑ), Ğ»ÑĞ±Ğ»Ñ ÑˆĞ¸Ñ‚ÑŒ (Ñ‚Ğ¾Ğ¶Ğµ, ĞºĞ¾Ğ³Ğ´Ğ° Ğ²Ğ´Ğ¾Ñ…Ğ½Ğ¾Ğ²ĞµĞ½Ğ¸Ğµ Ğ½Ğ°ĞºĞ°Ñ‚...",images/Face.gif,"January 8, 2022",Ğ¡Ğ²ĞµÑ‚Ğ»Ğ°Ğ½Ğ°,Russian,English,4309423
(Mila),Other,"Hi. My name is Malak, I'm a native Arabic speaker, I also have a B2 level in French and a C1 level in English. I'm currently learning German and would love to communicate with German speakers! I can help you with the other languages I speak. I like movies, music, books, anime and manga. I also love cats and chocolate! I hope we can be friends <3",Uploads/HomePics/4310082.jpg?rand=9.707665E-02,"January 8, 2022",marmaruri,English,German,4310082
not provided,Other,l,images/Face.gif,"January 7, 2022",l,Esperanto,Ido,4316424
(somewhere),Other,I am learning korean cuz i love kpop and the culture,images/Face.gif,"January 6, 2022",tidepod,English,Korean,4316139
(UK),Other,I enjoy listening to k-pop and would like to learn Korean. I enjoy watching anime and reading. I am also learning French.,images/Face.gif,"January 6, 2022",Anya,English,Korean,4315650
(Tafzouine),Other,"Bonjour, J'adore parler franÃ§ais mais je dois amÃ©liorer mon niveau, parce qu'il me manque la communication",Uploads/HomePics/4226301.jpg?rand=0.5212359,"January 6, 2022",Arba,Berber (Tamazight),French,4226301
(Doesnt matter),Other,"Nice to meet you:) I love learning languages and arts. Please teach me your language. Im also interested to know your culture and traditions. Tell me about arts, crafts, etc. Im looking forward to talking to you. Its great if we can become friends too!ã‚ˆã‚ã—ãã­ï¼",images/Face.gif,"January 4, 2022",ãƒãƒ¼ãƒŠ,"- Other -,- Other -","Japanese,- Other -,- Other -",4274249
(Sanaa),Other,Ø§Ø±ÙŠØ¯ ØªØ¹Ù„Ù… Ø§Ù„Ù„ØºÙ‡ Ø§Ù„ÙƒÙˆØ±ÙŠÙ‡,images/Face.gif,"January 4, 2022",Amal,"Arabic, Egyptian","Arabic, Egyptian",4099179
